trial_id,architecture,domain,model,task_id,seed,quality_score,correctness,completeness,coherence,integration,total_tokens,total_latency_seconds,num_rounds,duplication_rate,judge_rationale,metadata_json
121379e9-9ed,iamd,project_planning,llama-3.3-70b-versatile,pp_001,96,0.8,0.8,0.9,0.8,0.8,62903,34.415,3,0.0804,"The plan is feasible, comprehensive, and well-aligned, with clear milestones, resource allocation, and risk assessment. However, some minor issues with resource over-allocation and testing scope exist, preventing a perfect score.",{}
ce8c2928-884,iamd,project_planning,llama-3.3-70b-versatile,pp_001,97,0.8,0.8,0.9,0.8,0.7,55668,31.234,3,0.0912,"The plan is feasible, comprehensive, and well-aligned, with a detailed breakdown of the budget and resource allocation. However, some minor inconsistencies and gaps in the integration of the agents' plans are present.",{}
cb44b6c4-dc2,iamd,project_planning,llama-3.3-70b-versatile,pp_002,98,0.7,0.6,0.8,0.7,0.6,71863,37.963,3,0.1518,"The plan is feasible with minor issues in resource/time estimates, comprehensive with sufficient detail, mostly consistent with minor alignment issues, and mostly aligned with some gaps in handoffs.",{}
4cae07fa-d7d,iamd,project_planning,llama-3.3-70b-versatile,pp_002,99,0.8,0.8,0.9,0.8,0.8,70929,37.118,3,0.1851,"The plan is feasible, comprehensive, and well-aligned, with a detailed resource allocation and risk assessment. However, some minor issues with budget allocation and timeline estimates prevent a perfect score.",{}
fc7f8ee0-720,iamd,project_planning,llama-3.3-70b-versatile,pp_003,100,0.8,0.8,0.9,0.8,0.7,59628,30.386,3,0.2009,"The plan is feasible, comprehensive, and well-aligned, with a detailed breakdown of the budget allocation and a thorough risk assessment. However, some minor inconsistencies and gaps in integration between components exist.",{}
deb8dacd-942,iamd,project_planning,llama-3.3-70b-versatile,pp_003,101,0.6,0.6,0.7,0.7,0.6,66848,34.336,3,0.1244,"The plan is feasible, but some assumptions about resource allocation and budgeting may be optimistic. The event schedule is detailed, and the risk assessment and quality assurance plans are present, but some components lack depth. The marketing budget breakdown is a good addition, but the overall integration of the plans from different agents could be improved.",{}
79434884-5bd,iamd,research_synthesis,llama-3.3-70b-versatile,rs_001,90,0.7,0.8,0.7,0.9,0.6,45990,29.663,3,0.2647,"The output demonstrates strong accuracy and coherence, with a well-structured synthesis report. However, completeness is limited by the reliance on assigned source sets, and integration could be improved with more explicit collaboration between researchers and fact-checker.",{}
08c20df6-f26,iamd,research_synthesis,llama-3.3-70b-versatile,rs_001,91,0.6,0.8,0.6,0.8,0.5,48383,30.646,3,0.2904,"The output demonstrates strong accuracy and coherence, with a well-structured synthesis report. However, completeness is limited due to the lack of coverage of all source materials, particularly from Researcher B's findings. Integration is also partial, as the fact-checker adds value but the collaboration between researchers and synthesizer is not seamless.",{}
4e4ac67b-2e8,iamd,research_synthesis,llama-3.3-70b-versatile,rs_002,92,0.7,0.8,0.7,0.8,0.7,55457,30.881,3,0.4994,"The output demonstrates a good understanding of the sources, accurately represents the findings, and provides a coherent synthesis. However, it lacks a comprehensive coverage of all sources and does not fully integrate the findings from both researchers.",{}
e30d0fd4-467,iamd,research_synthesis,llama-3.3-70b-versatile,rs_002,93,0.8,0.8,0.8,0.9,0.8,51819,31.372,3,0.3648,"The output demonstrates a nuanced synthesis of research findings, reconciling apparent contradictions by identifying mediating variables, with clear attribution to each source. However, the lack of specific dates and methodologies for the sources is a notable limitation.",{}
d1e57bb5-a89,iamd,research_synthesis,llama-3.3-70b-versatile,rs_003,94,0.7,0.8,0.7,0.8,0.7,46069,29.97,3,0.4337,"The output demonstrates a good understanding of the sources, with accurate representation of claims and a coherent synthesis. However, some minor issues with completeness and integration, such as lack of explicit connections between certain findings and limited fact-checking, prevent it from being exceptional.",{}
1736a916-262,iamd,research_synthesis,llama-3.3-70b-versatile,rs_003,95,0.6,0.8,0.6,0.8,0.5,48554,29.762,3,0.2918,"Researcher_A provides accurate and well-structured findings, but completeness is limited to Source Set A. Integration with Researcher_B's output is lacking, and the fact-check assessment is mostly reliable but could be more comprehensive.",{}
5df4ea86-529,iamd,software_dev,llama-3.3-70b-versatile,sw_001,82,0.3,0.6,0.5,0.8,0.7,68252,33.297,3,0.4017,"Code runs but lacks collision detection, thread safety, and input validation, with some minor issues in unit tests and error handling.","{""syntax_valid"": false, ""code_runs"": false, ""tests_passed"": 0, ""tests_failed"": 0, ""tests_total"": 0, ""execution_score"": 0.1}"
3d042300-3ce,iamd,software_dev,llama-3.3-70b-versatile,sw_001,83,0.62,0.8,0.9,0.9,0.8,76410,38.131,3,0.2476,"The implementation is mostly correct, complete, and well-organized, with good input validation and collision detection. However, some minor issues and potential edge cases are not fully addressed, such as handling very long URLs or URLs with special characters.","{""syntax_valid"": true, ""code_runs"": true, ""tests_passed"": 0, ""tests_failed"": 0, ""tests_total"": 1, ""execution_score"": 0.5}"
afe83130-711,iamd,software_dev,llama-3.3-70b-versatile,sw_002,84,0.38,0.8,0.9,0.9,0.8,63892,32.467,3,0.2076,"The code is well-structured, covers most requirements, and has thorough tests, but minor issues with edge cases and potential improvements in the algorithm and logging exist.","{""syntax_valid"": false, ""code_runs"": false, ""tests_passed"": 0, ""tests_failed"": 0, ""tests_total"": 0, ""execution_score"": 0.1}"
35c00ae8-70d,iamd,software_dev,llama-3.3-70b-versatile,sw_002,85,0.8927,0.8,0.9,0.9,0.8,72487,36.244,3,0.6612,"The code is well-structured, covers most requirements, and has thorough tests, but minor issues with edge case handling and potential concurrency issues in the NamedRateLimiter class.","{""syntax_valid"": true, ""code_runs"": true, ""tests_passed"": 10, ""tests_failed"": 1, ""tests_total"": 11, ""execution_score"": 0.9545}"
5a61270f-77b,iamd,software_dev,llama-3.3-70b-versatile,sw_003,86,0.5525,0.8,0.9,0.9,0.8,66842,32.652,3,0.1203,"The code is well-structured, covers most requirements, and has good integration, but minor issues with error handling and plugin system implementation were found.","{""syntax_valid"": true, ""code_runs"": false, ""tests_passed"": 3, ""tests_failed"": 5, ""tests_total"": 8, ""execution_score"": 0.3875}"
414c94af-5ac,iamd,software_dev,llama-3.3-70b-versatile,sw_003,87,0.34,0.8,0.6,0.8,0.7,75693,33.507,3,0.3291,"Code works, is well-organized, and has good integration, but misses some requirements like schema validation, plugin system, and error reporting for malformed data.","{""syntax_valid"": false, ""code_runs"": false, ""tests_passed"": 0, ""tests_failed"": 0, ""tests_total"": 0, ""execution_score"": 0.1}"
0ecda217-72e,iamd,software_dev,llama-3.3-70b-versatile,sw_004,88,0.8986,0.8,0.9,0.9,0.8,86912,47.438,3,0.4571,"The output is well-structured, covers all requirements, and includes a thoughtful implementation of the task queue, worker threads, and retry mechanism. However, the provided code is truncated, which prevents a full evaluation of its correctness and integration.","{""syntax_valid"": true, ""code_runs"": true, ""tests_passed"": 13, ""tests_failed"": 1, ""tests_total"": 14, ""execution_score"": 0.9643}"
91e02a10-8ff,iamd,software_dev,llama-3.3-70b-versatile,sw_004,89,0.32,0.6,0.4,0.7,0.5,89755,45.036,3,0.6451,"The code runs but misses key requirements such as task priority, retry mechanism, and concurrent producer/consumer scenarios. The design is simplified but lacks essential features.","{""syntax_valid"": true, ""code_runs"": false, ""tests_passed"": 0, ""tests_failed"": 0, ""tests_total"": 1, ""execution_score"": 0.2}"
726acc79-384,irm,project_planning,llama-3.3-70b-versatile,pp_001,56,0.6,0.6,0.8,0.7,0.6,58710,32.499,3,0.1614,"The plan is feasible, but some resource allocations and timelines may be tight. The plan is comprehensive, but some components lack detail. The components are mostly consistent, but there are minor alignment issues. The agents' plans are mostly aligned, but there are some gaps in handoffs.",{}
81fee6ad-530,irm,project_planning,llama-3.3-70b-versatile,pp_001,57,0.6,0.6,0.8,0.7,0.6,70287,39.458,3,0.2586,"The plan is feasible, but the addition of a DevOps engineer and a security specialist exceeds the original team constraints. The plan is comprehensive, but some components lack detail, and the schedule has minor issues with resource allocation.",{}
57ad229f-dcf,irm,project_planning,llama-3.3-70b-versatile,pp_002,58,0.8,0.8,0.9,0.8,0.7,67645,36.851,3,0.1956,"The plan is well-structured, feasible, and comprehensive, with a clear migration schedule, resource allocation, risk assessment, and QA plan, but lacks detailed integration with other agents' plans.",{}
9cb65c3b-e78,irm,project_planning,llama-3.3-70b-versatile,pp_002,59,0.7,0.6,0.8,0.7,0.8,62506,34.577,3,0.1322,"The plan is feasible, comprehensive, and well-integrated, but has minor issues with resource and time estimates, and some components lack exceptional depth.",{}
124056c4-b99,irm,project_planning,llama-3.3-70b-versatile,pp_003,60,0.8,0.8,0.9,0.8,0.8,64169,34.464,3,0.3232,"The plan is well-structured, feasible, and comprehensive, with a clear budget breakdown and risk assessment. However, some minor details, such as specific vendor deadlines and a detailed communication plan, are not fully elaborated.",{}
ed80519a-75c,irm,project_planning,llama-3.3-70b-versatile,pp_003,61,0.8,0.8,0.9,0.8,0.8,67009,36.56,3,0.2634,"The plan is well-structured, detailed, and mostly feasible, with a clear budget breakdown and risk assessment. However, some minor assumptions and potential oversights, such as not explicitly stating the timeline for marketing and promotional activities, prevent it from being perfect.",{}
eb260784-127,irm,research_synthesis,llama-3.3-70b-versatile,rs_001,50,0.6,0.8,0.6,0.7,0.5,43588,27.143,3,0.3586,"The output demonstrates good accuracy and coherence, but lacks comprehensive coverage of all sources and seamless integration of researcher findings, with some repetition and lack of depth in comparative analysis.",{}
c2908ec7-054,irm,research_synthesis,llama-3.3-70b-versatile,rs_001,51,0.7,0.8,0.6,0.8,0.7,41016,25.299,3,0.3824,"The output demonstrates strong correctness and coherence, with well-structured reports and accurate claims. However, completeness is limited due to the lack of comprehensive coverage of all sources, particularly the underutilization of Source Set B in the synthesis report. Integration is decent, with some collaboration between researchers, but could be improved with more seamless merging of findings.",{}
ebf5a5a1-db6,irm,research_synthesis,llama-3.3-70b-versatile,rs_002,52,0.8,0.8,0.8,0.9,0.8,53592,31.879,3,0.3242,"The output demonstrates a thorough understanding of the sources, accurately represents the findings, and provides a well-structured synthesis that reconciles apparent contradictions. The fact-check assessment and recommendations for future research are also comprehensive and well-supported.",{}
276e47b7-77a,irm,research_synthesis,llama-3.3-70b-versatile,rs_002,53,0.6,0.8,0.6,0.8,0.5,53619,33.265,3,0.3476,"The output demonstrates accurate representation of sources, a well-structured narrative, and clear thematic organization. However, it lacks comprehensive coverage of all sources, particularly Source Set B, and the integration of findings from both researchers is limited.",{}
407e0895-a6b,irm,research_synthesis,llama-3.3-70b-versatile,rs_003,54,0.6,0.8,0.6,0.7,0.5,46048,30.762,3,0.349,"Researcher_A provides accurate and detailed findings, but Researcher_B's output is truncated and lacks depth, affecting overall completeness and integration.",{}
e0feb2a2-20a,irm,research_synthesis,llama-3.3-70b-versatile,rs_003,55,0.6,0.8,0.6,0.8,0.4,42858,27.569,3,0.183,"Researcher_A provides accurate and nuanced representation of sources, but Researcher_B's output is truncated and lacks depth, and the synthesis does not fully integrate findings from both researchers.",{}
b2b84f71-cd3,irm,software_dev,llama-3.3-70b-versatile,sw_001,42,0.62,0.8,0.9,0.9,0.8,73513,43.08,3,0.4559,"The code is well-structured, covers all requirements, and has good integration, but minor issues with collision detection and limited test cases prevent a perfect score.","{""syntax_valid"": true, ""code_runs"": true, ""tests_passed"": 0, ""tests_failed"": 0, ""tests_total"": 0, ""execution_score"": 0.5}"
12c35c9a-43d,irm,software_dev,llama-3.3-70b-versatile,sw_001,43,0.8825,0.8,0.9,0.9,0.8,73280,43.191,3,0.4311,"The code is well-structured, handles edge cases, and includes comprehensive tests, but minor issues with unit tests and potential hash collisions exist.","{""syntax_valid"": true, ""code_runs"": true, ""tests_passed"": 14, ""tests_failed"": 2, ""tests_total"": 16, ""execution_score"": 0.9375}"
d59832fd-910,irm,software_dev,llama-3.3-70b-versatile,sw_002,44,0.62,0.8,0.9,0.9,0.8,83543,49.61,3,0.4586,"The code is well-structured, covers all requirements, and has thorough tests, but minor issues with potential edge cases and concurrency scenarios might exist.","{""syntax_valid"": true, ""code_runs"": true, ""tests_passed"": 0, ""tests_failed"": 0, ""tests_total"": 1, ""execution_score"": 0.5}"
529e5001-b87,irm,software_dev,llama-3.3-70b-versatile,sw_002,45,0.44,0.8,0.9,0.9,0.8,85660,46.345,3,0.664,"The code is well-structured, implements the token bucket algorithm correctly, and provides a simple way to manage rate limiting. However, some minor issues with thread safety and potential edge cases are not fully addressed.","{""syntax_valid"": true, ""code_runs"": false, ""tests_passed"": 0, ""tests_failed"": 0, ""tests_total"": 1, ""execution_score"": 0.2}"
df9998a4-bb4,irm,software_dev,llama-3.3-70b-versatile,sw_003,46,0.4,0.6,0.8,0.9,0.7,105050,58.301,3,0.5242,"The code is well-structured and covers most requirements, but some parts are incomplete or lack implementation details, such as the schema validation and plugin registration.","{""syntax_valid"": true, ""code_runs"": false, ""tests_passed"": 0, ""tests_failed"": 0, ""tests_total"": 1, ""execution_score"": 0.2}"
f896e5e8-fad,irm,software_dev,llama-3.3-70b-versatile,sw_003,47,0.615,0.8,0.9,0.9,0.8,82825,44.143,3,0.4085,"The output covers all requirements, has a well-structured architecture, and is well-organized. However, minor issues with error handling and potential edge cases might exist, preventing a perfect score.","{""syntax_valid"": true, ""code_runs"": false, ""tests_passed"": 7, ""tests_failed"": 5, ""tests_total"": 12, ""execution_score"": 0.4917}"
35227be1-227,irm,software_dev,llama-3.3-70b-versatile,sw_004,48,0.62,0.8,0.9,0.9,0.8,81518,43.288,3,0.424,"The code is well-structured, covers most requirements, and has good integration, but minor issues with task retry and worker thread shutdown handling were found.","{""syntax_valid"": true, ""code_runs"": true, ""tests_passed"": 0, ""tests_failed"": 0, ""tests_total"": 0, ""execution_score"": 0.5}"
8099ff3a-d90,irm,software_dev,llama-3.3-70b-versatile,sw_004,49,0.62,0.8,0.9,0.9,0.8,75182,41.307,3,0.492,"The code is well-structured, covers all requirements, and has good integration, but minor issues with task status tracking and shutdown handling were noted.","{""syntax_valid"": true, ""code_runs"": true, ""tests_passed"": 0, ""tests_failed"": 0, ""tests_total"": 0, ""execution_score"": 0.5}"
e69d538a-5b2,jro,project_planning,llama-3.3-70b-versatile,pp_001,76,0.8,0.8,0.9,0.9,0.8,124320,47.27,3,0.4091,"The plan is feasible, comprehensive, and well-aligned, with clear milestones and resource allocation. However, some minor issues with budget allocation and testing scope exist, preventing a perfect score.",{}
3eb468ce-2f2,jro,project_planning,llama-3.3-70b-versatile,pp_001,77,0.6,0.6,0.8,0.7,0.6,123265,43.67,3,0.35,"The plan is feasible, but has minor issues with resource allocation and timeline estimates. The budget allocation seems reasonable, but the plan could benefit from more detailed contingency planning. The risk assessment and QA plan are comprehensive, but some risks have high probabilities and impacts without sufficient mitigation strategies.",{}
cd96e73f-f68,jro,project_planning,llama-3.3-70b-versatile,pp_002,78,0.8,0.7,0.8,0.8,0.9,123031,44.362,3,0.3459,"The plan is feasible, comprehensive, and well-integrated, with a clear migration schedule, resource allocation, risk assessment, and QA plan, but may have minor issues with resource and time estimates.",{}
e56ac29b-946,jro,project_planning,llama-3.3-70b-versatile,pp_002,79,0.8,0.8,0.9,0.9,0.8,112599,40.971,3,0.3416,"The plan is feasible, comprehensive, and well-aligned, with a clear migration schedule, resource allocation, and risk assessment. However, the budget allocation could be more detailed, and some minor inconsistencies exist in the resource scheduling.",{}
94a398e9-09d,jro,project_planning,llama-3.3-70b-versatile,pp_003,80,0.8,0.8,0.9,0.9,0.8,126407,46.244,3,0.3988,"The plan is well-structured, feasible, and comprehensive, with a clear event schedule, budget allocation, risk assessment, and quality assurance plan. It also demonstrates good integration with other team members' output and considers potential risks and contingency plans.",{}
5d5adb31-18a,jro,project_planning,llama-3.3-70b-versatile,pp_003,81,0.7,0.7,0.8,0.8,0.7,147126,51.679,3,0.6074,"The plan is feasible, comprehensive, and well-aligned, but some minor issues with resource and time estimates, and potential oversights in risk assessment and quality assurance.",{}
536dcb3b-2e1,jro,research_synthesis,llama-3.3-70b-versatile,rs_001,70,0.9,0.8,0.9,0.9,0.9,106434,94.632,3,0.71,"The output demonstrates a high level of accuracy, comprehensiveness, and coherence, with a well-structured narrative that effectively integrates findings from multiple sources and agents, showcasing strong collaboration and attention to detail.",{}
9e795010-7b3,jro,research_synthesis,llama-3.3-70b-versatile,rs_001,71,0.8,0.8,0.7,0.9,0.8,97741,33.329,3,0.5876,"The output demonstrates a strong understanding of the sources, accurately representing the EU AI Act, China's Generative AI Regulations, US executive-order approach, and UK's sector-specific framework. The synthesis report is well-structured and coherent, effectively integrating the findings from both source sets. However, completeness is limited by the scope of the source sets, and some nuances of the regulatory approaches are not fully explored.",{}
f027433b-6c6,jro,research_synthesis,llama-3.3-70b-versatile,rs_002,72,0.8,0.8,0.9,0.9,0.8,100739,37.816,3,0.4997,"The output demonstrates a thorough understanding of the sources, accurately represents the findings, and provides a well-structured synthesis that addresses apparent contradictions. The integration with other team outputs is also strong, but some minor improvements could be made to further enhance the clarity and concision of the synthesis.",{}
9df91538-0aa,jro,research_synthesis,llama-3.3-70b-versatile,rs_002,73,0.8,0.8,0.8,0.9,0.8,118462,40.525,3,0.6717,"The output demonstrates a thorough understanding of the sources, accurately represents the findings, and provides a well-structured synthesis that addresses apparent contradictions. The fact-check assessment is also thorough, and the recommendations for team integration are specific and actionable.",{}
cfa40bb8-a45,jro,research_synthesis,llama-3.3-70b-versatile,rs_003,74,0.8,0.8,0.7,0.8,0.8,89925,32.625,3,0.4036,"The output demonstrates accurate representation of sources, comprehensive coverage of key points, well-structured narrative, and strong integration of researcher findings, synthesizer, and fact-checker contributions.",{}
4fb4eeb8-d4f,jro,research_synthesis,llama-3.3-70b-versatile,rs_003,75,0.8,0.9,0.8,0.9,0.8,97543,35.84,3,0.5075,"The output demonstrates a strong understanding of the source material, accurately representing the claims and findings from both Source Set A and Source Set B. The synthesis is well-structured and coherent, effectively tracing the evolution of scaling law understanding and noting areas of consensus and debate. The integration with other team members' outputs is also well-done, with clear recommendations for future research and collaboration. However, the output could benefit from a more nuanced discussion of the limitations and potential criticisms of the findings.",{}
b6f9c482-0cf,jro,software_dev,llama-3.3-70b-versatile,sw_001,62,0.44,0.8,0.9,0.9,0.8,147177,46.537,3,0.627,"The code is well-structured, covers all requirements, and has good integration, but minor issues with error handling and potential collisions in the hash-based approach.","{""syntax_valid"": true, ""code_runs"": false, ""tests_passed"": 0, ""tests_failed"": 0, ""tests_total"": 1, ""execution_score"": 0.2}"
f251e808-86d,jro,software_dev,llama-3.3-70b-versatile,sw_001,63,0.38,0.8,0.9,0.9,0.8,169180,52.451,3,0.6786,"The code is well-structured, handles edge cases, and includes comprehensive tests, but minor issues with potential hash collisions and lack of input validation for URL statistics exist.","{""syntax_valid"": false, ""code_runs"": false, ""tests_passed"": 0, ""tests_failed"": 0, ""tests_total"": 0, ""execution_score"": 0.1}"
6b06b3f8-784,jro,software_dev,llama-3.3-70b-versatile,sw_002,64,0.86,0.8,0.9,0.9,0.8,155668,46.028,3,0.7733,"The code is well-structured, covers most requirements, and has thorough tests, but some test cases are truncated and not fully implemented.","{""syntax_valid"": true, ""code_runs"": true, ""tests_passed"": 8, ""tests_failed"": 2, ""tests_total"": 10, ""execution_score"": 0.9}"
05725989-571,jro,software_dev,llama-3.3-70b-versatile,sw_002,65,0.62,0.8,0.9,0.9,0.8,185084,53.188,3,0.9169,"The output meets most requirements, including token bucket algorithm, configurable rate and burst size, multiple named rate limiters, a decorator for easy application, and thread-safe operation. However, some minor issues and edge cases may not be fully addressed.","{""syntax_valid"": true, ""code_runs"": true, ""tests_passed"": 0, ""tests_failed"": 0, ""tests_total"": 0, ""execution_score"": 0.5}"
cbe0a4cf-850,jro,software_dev,llama-3.3-70b-versatile,sw_003,66,0.59,0.8,0.9,0.9,0.8,197602,58.774,3,0.8852,"The code is well-structured, covers most requirements, and has good integration, but minor issues with error handling and testing coverage prevent it from being perfect.","{""syntax_valid"": true, ""code_runs"": false, ""tests_passed"": 5, ""tests_failed"": 5, ""tests_total"": 10, ""execution_score"": 0.45}"
70edece8-e46,jro,software_dev,llama-3.3-70b-versatile,sw_003,67,0.38,0.8,0.9,0.9,0.8,167596,55.417,3,0.5669,"The code is well-structured, covers most requirements, and has good integration, but minor issues with error handling and plugin system implementation prevent it from being perfect.","{""syntax_valid"": false, ""code_runs"": false, ""tests_passed"": 0, ""tests_failed"": 0, ""tests_total"": 0, ""execution_score"": 0.1}"
7d2ab4a5-337,jro,software_dev,llama-3.3-70b-versatile,sw_004,68,0.34,0.6,0.8,0.8,0.7,173806,59.156,3,0.6058,"The code is well-structured and mostly correct, but has some minor issues, such as a typo in the example usage (task_manager.star instead of task_manager.start) and potential deadlocks in the task queue. The implementation covers most requirements, but the tests are not fully provided.","{""syntax_valid"": false, ""code_runs"": false, ""tests_passed"": 0, ""tests_failed"": 0, ""tests_total"": 0, ""execution_score"": 0.1}"
ac1cf867-77f,jro,software_dev,llama-3.3-70b-versatile,sw_004,69,0.38,0.8,0.9,0.9,0.8,177231,54.938,3,0.7338,"The code is well-structured, covers most requirements, and has good integration, but minor issues with task status tracking and worker thread shutdown handling prevent a perfect score.","{""syntax_valid"": false, ""code_runs"": false, ""tests_passed"": 0, ""tests_failed"": 0, ""tests_total"": 0, ""execution_score"": 0.1}"
