trial_id,architecture,domain,model,task_id,seed,quality_score,correctness,completeness,coherence,integration,total_tokens,total_latency_seconds,num_rounds,duplication_rate,fault_type,fault_agent,judge_rationale,metadata_json
1d875e20-2d2,iamd,project_planning,llama-3.3-70b-versatile,pp_001,96,0.8,0.8,0.9,0.9,0.8,59763,29.646,3,0.117,,,"The plan is feasible, comprehensive, and well-aligned, with a detailed breakdown of tasks and milestones, and a clear budget allocation. However, some minor issues with resource allocation and testing scope exist.",{}
5b7e7161-7f7,iamd,project_planning,llama-3.3-70b-versatile,pp_001,97,0.6,0.6,0.8,0.7,0.6,65228,30.362,3,0.1001,,,"The plan is feasible, covers all aspects, and has a clear resource allocation. However, it assumes a uniform sprint duration and doesn't account for potential delays or changes in resource availability. The risk assessment and QA plan are comprehensive, but the plan could benefit from more detailed contingency planning and clearer dependencies between tasks.",{}
76753ecb-cc3,iamd,project_planning,llama-3.3-70b-versatile,pp_002,98,0.7,0.7,0.8,0.8,0.6,75828,34.275,3,0.142,,,"The plan is feasible, comprehensive, and well-aligned, but has minor issues with resource allocation and dependency management, and lacks a unified output from all agents.",{}
c2f49132-46d,iamd,project_planning,llama-3.3-70b-versatile,pp_002,99,0.6,0.6,0.8,0.7,0.6,60668,30.349,3,0.1122,,,"The plan is feasible with minor issues in resource/time estimates, comprehensive with sufficient detail, mostly consistent, and mostly aligned, but lacks contingency planning and detailed risk assessment.",{}
8ec15d8d-4ba,iamd,project_planning,llama-3.3-70b-versatile,pp_003,100,0.7,0.6,0.7,0.8,0.7,50789,25.541,3,0.1528,,,"The plan is feasible with minor issues in resource/time estimates, covers most aspects, and has well-aligned components, but some details are lacking and the risk assessment is truncated.",{}
becbc021-763,iamd,project_planning,llama-3.3-70b-versatile,pp_003,101,0.6,0.6,0.8,0.7,0.6,56291,27.549,3,0.0692,,,"The plan is feasible with minor issues in resource/time estimates, has a comprehensive event schedule, and a detailed budget breakdown. However, some components lack depth, and the risk assessment and quality assurance plan are not fully developed.",{}
a0509250-e63,iamd,research_synthesis,llama-3.3-70b-versatile,rs_001,90,0.6,0.8,0.6,0.7,0.5,38845,22.612,3,0.2907,,,"The report accurately represents some sources, but lacks comprehensive coverage of all assigned sources and seamless integration of researcher findings.",{}
d92cc0e5-bab,iamd,research_synthesis,llama-3.3-70b-versatile,rs_001,91,0.8,0.8,0.9,0.9,0.8,37004,20.18,3,0.2851,,,"The report accurately represents the sources, covers all key points, and is well-structured, but could improve with more nuanced connections between regional approaches and a seamless collaboration between researchers and fact-checkers.",{}
0abeb0e3-322,iamd,research_synthesis,llama-3.3-70b-versatile,rs_002,92,0.7,0.6,0.7,0.8,0.7,38553,23.326,3,0.179,,,"The output provides a comprehensive synthesis of research findings, addressing potential contradictions and nuances in the existing literature. However, it lacks specific citations for the sources and does not fully reconcile the conflicting findings between the Harvard Business School study and the Stanford study. The coherence and structure of the synthesis are well-done, but the integration of the researchers' findings could be improved with more explicit connections between the different studies.",{}
162bac3f-6c9,iamd,research_synthesis,llama-3.3-70b-versatile,rs_002,93,0.7,0.8,0.7,0.8,0.6,37623,24.038,3,0.1724,,,"The synthesis accurately represents the sources, covers most key points, and has a well-structured narrative. However, it lacks seamless collaboration between researchers and fact-checkers, and some nuances from the sources are missed.",{}
d53a8f32-0a0,iamd,research_synthesis,llama-3.3-70b-versatile,rs_003,95,0.7,0.8,0.7,0.9,0.6,44487,26.217,3,0.4508,,,"The output accurately represents the claims from the sources, with a clear and well-structured narrative. However, it lacks comprehensive coverage of all sources, particularly Source Set B, and the integration of researchers' findings could be improved.",{}
32753369-9a7,iamd,software_dev,llama-3.3-70b-versatile,sw_001,82,0.62,0.8,0.9,0.9,0.8,68022,33.253,3,0.3264,,,"The code is well-structured, handles edge cases, and includes comprehensive tests, but minor issues with hash collision handling and potential thread safety concerns exist.","{""syntax_valid"": true, ""code_runs"": true, ""tests_passed"": 0, ""tests_failed"": 0, ""tests_total"": 1, ""execution_score"": 0.5}"
9908a9dc-7fd,iamd,software_dev,llama-3.3-70b-versatile,sw_001,83,0.9013,0.8,0.9,0.9,0.8,72431,33.886,3,0.2216,,,"The code is well-structured, handles edge cases, and includes comprehensive tests. However, there are minor issues with collision detection and potential hash collisions.","{""syntax_valid"": true, ""code_runs"": true, ""tests_passed"": 15, ""tests_failed"": 1, ""tests_total"": 16, ""execution_score"": 0.9688}"
871f8f08-642,iamd,software_dev,llama-3.3-70b-versatile,sw_002,84,0.87,0.9,0.9,0.9,0.8,89019,43.023,3,0.3249,,,"The code is well-structured, covers all requirements, and has thorough tests, but some test cases are truncated and there might be minor issues with edge cases.","{""syntax_valid"": true, ""code_runs"": true, ""tests_passed"": 11, ""tests_failed"": 4, ""tests_total"": 15, ""execution_score"": 0.8667}"
756de7f1-63c,iamd,software_dev,llama-3.3-70b-versatile,sw_002,85,0.895,0.8,0.9,0.9,0.8,67575,32.917,3,0.4233,,,"The code is well-structured, handles edge cases, and has thorough tests, but minor issues with error handling and potential concurrency problems exist.","{""syntax_valid"": true, ""code_runs"": true, ""tests_passed"": 11, ""tests_failed"": 1, ""tests_total"": 12, ""execution_score"": 0.9583}"
9da7f20f-480,iamd,software_dev,llama-3.3-70b-versatile,sw_003,86,0.8109,0.8,0.9,0.9,0.8,69439,35.904,3,0.5013,,,"The code is well-structured, covers most requirements, and has good integration, but minor issues with error handling and some tests are incomplete or missing.","{""syntax_valid"": true, ""code_runs"": true, ""tests_passed"": 7, ""tests_failed"": 4, ""tests_total"": 11, ""execution_score"": 0.8182}"
ac20ee9e-223,iamd,software_dev,llama-3.3-70b-versatile,sw_003,87,0.26,0.6,0.4,0.7,0.6,63499,29.276,3,0.4171,,,"The code runs and covers basic functionality, but misses key requirements like schema validation, plugin system, and robust error reporting, and has limited test coverage.","{""syntax_valid"": false, ""code_runs"": false, ""tests_passed"": 0, ""tests_failed"": 0, ""tests_total"": 0, ""execution_score"": 0.1}"
975fd7b6-5e1,iamd,software_dev,llama-3.3-70b-versatile,sw_004,88,0.3,0.6,0.5,0.7,0.6,64202,32.56,3,0.6802,,,"Code runs but core functionality is partially implemented, missing task priority and retry logic, and tests are limited.","{""syntax_valid"": false, ""code_runs"": false, ""tests_passed"": 0, ""tests_failed"": 0, ""tests_total"": 0, ""execution_score"": 0.1}"
312859a2-edf,iamd,software_dev,llama-3.3-70b-versatile,sw_004,89,0.38,0.8,0.9,0.9,0.8,71748,38.491,3,0.3725,,,"The code is well-structured, covers most requirements, and has a good test suite, but minor issues with edge cases and potential thread safety concerns exist.","{""syntax_valid"": false, ""code_runs"": false, ""tests_passed"": 0, ""tests_failed"": 0, ""tests_total"": 0, ""execution_score"": 0.1}"
384d76cb-6ce,irm,project_planning,llama-3.3-70b-versatile,pp_001,56,0.8,0.8,0.9,0.8,0.8,60310,35.793,3,0.1821,,,"The plan is feasible, comprehensive, and well-aligned, with clear milestones, resource allocation, and risk assessment. However, some minor issues with resource allocation and testing phases exist, preventing a perfect score.",{}
3357be4d-648,irm,project_planning,llama-3.3-70b-versatile,pp_001,57,0.8,0.8,0.9,0.8,0.7,66218,36.641,3,0.1462,,,"The plan is feasible, comprehensive, and well-aligned, with a clear schedule, resource allocation, risk assessment, and QA plan, but has some minor gaps in integration and resource allocation.",{}
d47a48d2-9e5,irm,project_planning,llama-3.3-70b-versatile,pp_002,58,0.7,0.6,0.8,0.7,0.8,69203,36.43,3,0.3328,,,"The plan is feasible with minor issues in resource/time estimates, covers all aspects with sufficient detail, and has mostly consistent components with some minor alignment issues. The agents' plans fit together well with clear dependencies between components.",{}
fd1136b6-59f,irm,project_planning,llama-3.3-70b-versatile,pp_002,59,0.8,0.8,0.9,0.9,0.8,57090,31.452,3,0.2151,,,"The plan is well-structured, feasible, and comprehensive, with a clear allocation of resources and a thorough risk assessment, but some minor details and contingency planning could be improved.",{}
5f1eb7db-403,irm,project_planning,llama-3.3-70b-versatile,pp_003,60,0.8,0.8,0.9,0.8,0.8,67015,33.927,3,0.3014,,,"The plan is well-structured, feasible, and comprehensive, with a detailed event timeline, budget breakdown, and risk assessment. However, some minor issues with resource allocation and contingency planning exist.",{}
f371fea5-f4b,irm,project_planning,llama-3.3-70b-versatile,pp_003,61,0.8,0.8,0.9,0.8,0.8,77636,43.864,3,0.6334,,,"The plan is well-structured, feasible, and comprehensive, with a clear budget breakdown and contingency plans, but some minor issues with resource allocation and timeline estimates.",{}
b5a096db-92e,irm,research_synthesis,llama-3.3-70b-versatile,rs_001,50,0.6,0.8,0.6,0.8,0.5,33864,24.34,3,0.3099,,,"The report accurately represents the sources, is well-structured, and provides a clear comparison of regulatory approaches. However, it lacks comprehensive coverage of all sources, particularly the US and UK regulatory frameworks, and the integration of researcher findings is limited.",{}
26f6a484-07a,irm,research_synthesis,llama-3.3-70b-versatile,rs_001,51,0.6,0.8,0.6,0.8,0.4,35306,25.063,3,0.2726,,,"The output is mostly accurate and well-structured, but it lacks comprehensive coverage of all sources and seamless integration of researcher findings, with Researcher_B's report being truncated and not fully incorporated into a cohesive synthesis.",{}
f8c5a0cb-953,irm,research_synthesis,llama-3.3-70b-versatile,rs_002,52,0.5,0.6,0.5,0.7,0.5,32773,23.738,3,0.242,,,"The output lacks comprehensive coverage of all sources, and the synthesis report does not fully reconcile the contradictions between the studies. While the individual research findings are mostly accurate, the integration of the findings and the fact-checking are not thorough, resulting in a mediocre overall score.",{}
e2798b0b-42c,irm,research_synthesis,llama-3.3-70b-versatile,rs_002,53,0.7,0.8,0.6,0.8,0.7,32280,21.587,3,0.2492,,,"The output accurately represents the sources, with clear attribution and a well-structured narrative. However, completeness is limited by the lack of explicit connections between the findings from different sources, and integration is partial due to the separate presentation of individual research findings and the synthesis report.",{}
e336b5f2-e76,irm,research_synthesis,llama-3.3-70b-versatile,rs_003,54,0.6,0.8,0.6,0.7,0.5,40398,26.321,3,0.2785,,,"Researcher_A provides accurate and detailed representation of sources, but Researcher_B's work is less comprehensive and lacks clear connections to Source Set A, resulting in incomplete integration and coherence across the entire synthesis.",{}
e18985cf-f04,irm,research_synthesis,llama-3.3-70b-versatile,rs_003,55,0.6,0.8,0.6,0.8,0.5,39978,25.006,3,0.2036,,,"The output accurately represents the claims from Source Set A, but partially ignores Source Set B and lacks seamless integration between researchers.",{}
7b17db51-a88,irm,software_dev,llama-3.3-70b-versatile,sw_001,42,0.44,0.8,0.9,0.9,0.8,79147,37.42,3,0.544,,,"The code is well-structured, covers all requirements, and has good integration, but minor issues with error handling and potential hash collisions might occur.","{""syntax_valid"": true, ""code_runs"": false, ""tests_passed"": 0, ""tests_failed"": 0, ""tests_total"": 1, ""execution_score"": 0.2}"
c90ebf19-6b7,irm,software_dev,llama-3.3-70b-versatile,sw_001,43,0.38,0.8,0.9,0.9,0.8,82048,37.839,3,0.3277,,,"The code is well-structured, covers all requirements, and is thread-safe. However, there are minor issues with error handling and potential collisions are not fully addressed.","{""syntax_valid"": false, ""code_runs"": false, ""tests_passed"": 0, ""tests_failed"": 0, ""tests_total"": 0, ""execution_score"": 0.1}"
9208ff49-602,irm,software_dev,llama-3.3-70b-versatile,sw_002,44,0.44,0.9,0.9,0.9,0.8,75681,39.107,3,0.5388,,,"The code is well-structured, implements the token bucket algorithm correctly, and provides a decorator for easy application. However, the unit tests are truncated and not fully provided, which affects the integration score.","{""syntax_valid"": true, ""code_runs"": false, ""tests_passed"": 0, ""tests_failed"": 0, ""tests_total"": 0, ""execution_score"": 0.2}"
582473d3-5ac,irm,software_dev,llama-3.3-70b-versatile,sw_003,46,0.44,0.8,0.9,0.9,0.8,93750,50.147,3,0.3696,,,"The output covers all requirements, has a well-structured architecture, and good integration between components, but minor issues with error handling and plugin system implementation might exist.","{""syntax_valid"": true, ""code_runs"": false, ""tests_passed"": 0, ""tests_failed"": 0, ""tests_total"": 1, ""execution_score"": 0.2}"
67838fec-f8c,irm,software_dev,llama-3.3-70b-versatile,sw_003,47,0.38,0.8,0.9,0.9,0.8,84470,46.952,3,0.2585,,,"The code is well-structured, covers most requirements, and has good integration, but minor issues with error handling and plugin system implementation prevent it from being perfect.","{""syntax_valid"": false, ""code_runs"": false, ""tests_passed"": 0, ""tests_failed"": 0, ""tests_total"": 0, ""execution_score"": 0.1}"
429956a6-193,irm,software_dev,llama-3.3-70b-versatile,sw_004,48,0.8825,0.8,0.9,0.9,0.8,88298,52.512,3,0.3923,,,"The code is well-structured, covers all requirements, and has good integration, but minor issues with task timeout handling and potential thread safety concerns.","{""syntax_valid"": true, ""code_runs"": true, ""tests_passed"": 7, ""tests_failed"": 1, ""tests_total"": 8, ""execution_score"": 0.9375}"
28897afc-92a,irm,software_dev,llama-3.3-70b-versatile,sw_004,49,0.62,0.8,0.9,0.9,0.8,81649,46.368,3,0.481,,,"The code is well-structured, covers all requirements, and has good integration, but minor issues with task status tracking and shutdown handling might exist.","{""syntax_valid"": true, ""code_runs"": true, ""tests_passed"": 0, ""tests_failed"": 0, ""tests_total"": 1, ""execution_score"": 0.5}"
32476699-ae5,jro,project_planning,llama-3.3-70b-versatile,pp_001,76,0.8,0.8,0.9,0.9,0.8,127171,47.038,3,0.26,,,"The plan is feasible, comprehensive, and well-aligned, with clear milestones, resource allocation, and risk assessment. However, some minor assumptions and dependencies could be further detailed.",{}
424624c1-073,jro,project_planning,llama-3.3-70b-versatile,pp_001,77,0.7,0.7,0.8,0.8,0.7,132910,51.176,3,0.2927,,,"The plan is feasible, covers all aspects, and components are consistent, but some minor issues with resource allocation and risk mitigation exist.",{}
4b6b1166-816,jro,project_planning,llama-3.3-70b-versatile,pp_002,78,0.7,0.6,0.8,0.7,0.8,104684,41.461,3,0.1826,,,"The plan is feasible, but some resource estimates and timelines may be tight. The plan covers all major components, and the risk assessment and QA plan are comprehensive. The components are mostly consistent, and the agents' plans fit together well, with clear dependencies and handoffs.",{}
ac2ea528-513,jro,project_planning,llama-3.3-70b-versatile,pp_002,79,0.7,0.7,0.8,0.8,0.7,124239,54.463,3,0.2867,,,"The plan is feasible, comprehensive, and well-aligned, but has minor issues with resource allocation and timeline estimates, and some components lack exceptional depth.",{}
1d15e734-3fb,jro,project_planning,llama-3.3-70b-versatile,pp_003,80,0.8,0.8,0.9,0.9,0.8,122794,43.19,3,0.34,,,"The plan is well-structured, detailed, and comprehensive, with a clear allocation of resources and budget. It also identifies potential risks and provides mitigation strategies. However, some minor details, such as specific vendor deadlines, are not explicitly mentioned.",{}
9d2e0129-e04,jro,project_planning,llama-3.3-70b-versatile,pp_003,81,0.8,0.8,0.9,0.8,0.8,126987,43.915,3,0.4659,,,"The plan is feasible, comprehensive, and well-aligned, with a detailed schedule, realistic budget allocation, and thorough risk assessment and quality assurance plan, but some minor issues with resource estimates and potential gaps in handoffs between team members.",{}
d232c2f8-d2f,jro,research_synthesis,llama-3.3-70b-versatile,rs_001,70,0.8,0.8,0.6,0.9,0.8,84807,36.31,3,0.3879,,,"The report accurately represents the sources, is well-structured, and integrates well with other team outputs, but lacks comprehensive coverage of all sources, particularly the US and UK regulatory approaches.",{}
eb5734fe-325,jro,research_synthesis,llama-3.3-70b-versatile,rs_001,71,0.8,0.8,0.9,0.9,0.8,86750,32.72,3,0.5362,,,"The report accurately represents the sources, covers all key points, and is well-structured. It also demonstrates strong integration with other team outputs and addresses the fact-check assessment. However, some minor areas of improvement exist, such as slightly repetitive language and a few areas where the analysis could be more nuanced.",{}
253ebcb7-13d,jro,research_synthesis,llama-3.3-70b-versatile,rs_002,72,0.9,0.8,0.9,0.9,0.9,81098,34.586,3,0.4028,,,"The output demonstrates a thorough and nuanced synthesis of the research findings, accurately representing the sources and reconciling apparent contradictions. The inclusion of visual aids, future research directions, and revised recommendations enhances the overall quality and coherence of the output.",{}
59159342-bb2,jro,research_synthesis,llama-3.3-70b-versatile,rs_002,73,0.8,0.9,0.8,0.9,0.8,104766,39.474,3,0.6209,,,"The output accurately represents the sources, covers most key points, and is well-structured. It also demonstrates strong integration with other team members' outputs and provides nuanced insights to address apparent contradictions.",{}
503ef286-58e,jro,research_synthesis,llama-3.3-70b-versatile,rs_003,74,0.7,0.8,0.6,0.9,0.7,98108,39.471,3,0.5637,,,"The output accurately represents the claims from the sources, has a well-structured narrative, and integrates findings from multiple sources. However, it lacks comprehensive coverage of all sources, particularly those from Source Set B, and the integration with other team members' outputs could be more seamless.",{}
70e60d97-841,jro,research_synthesis,llama-3.3-70b-versatile,rs_003,75,0.8,0.8,0.7,0.9,0.8,87967,31.113,3,0.4175,,,"The output demonstrates accurate representation of sources, comprehensive coverage of key points, well-structured narrative, and strong integration of researcher findings, but with some minor gaps in completeness and room for further improvement in integration.",{}
fae238fd-a8c,jro,software_dev,llama-3.3-70b-versatile,sw_001,62,0.38,0.8,0.9,0.9,0.8,168110,56.505,3,0.9114,,,"The code is well-structured, handles edge cases, and includes comprehensive tests, but minor issues with hash generation and collision detection exist.","{""syntax_valid"": false, ""code_runs"": false, ""tests_passed"": 0, ""tests_failed"": 0, ""tests_total"": 0, ""execution_score"": 0.1}"
f9a9e6a3-eca,jro,software_dev,llama-3.3-70b-versatile,sw_001,63,0.38,0.8,0.9,0.9,0.8,173510,54.557,3,0.6732,,,"The code is well-structured, handles edge cases, and includes comprehensive tests, but minor issues with hash collision resolution and potential thread safety concerns exist.","{""syntax_valid"": false, ""code_runs"": false, ""tests_passed"": 0, ""tests_failed"": 0, ""tests_total"": 0, ""execution_score"": 0.1}"
e8e1cec1-2c8,jro,software_dev,llama-3.3-70b-versatile,sw_002,64,0.38,0.8,0.9,0.9,0.8,200245,73.018,3,0.5145,,,"The code is well-structured, covers most requirements, and has good integration, but some minor issues and incomplete removal of limiter functionality prevent it from being perfect.","{""syntax_valid"": false, ""code_runs"": false, ""tests_passed"": 0, ""tests_failed"": 0, ""tests_total"": 0, ""execution_score"": 0.1}"
928deea4-4da,jro,software_dev,llama-3.3-70b-versatile,sw_002,65,0.62,0.8,0.9,0.9,0.8,174699,59.351,3,0.72,,,"The output provides a well-structured and comprehensive implementation of the rate limiter module, covering all requirements, with proper locking for thread safety and a decorator for easy application. However, the code is truncated and some minor issues might exist, preventing a perfect score.","{""syntax_valid"": true, ""code_runs"": true, ""tests_passed"": 0, ""tests_failed"": 0, ""tests_total"": 1, ""execution_score"": 0.5}"
d85f1295-22d,jro,software_dev,llama-3.3-70b-versatile,sw_003,66,0.38,0.8,0.9,0.9,0.8,172514,54.575,3,0.7692,,,"The code is well-structured, covers most requirements, and has good integration, but minor issues with error handling and potential threading issues with the plugin registry.","{""syntax_valid"": false, ""code_runs"": false, ""tests_passed"": 0, ""tests_failed"": 0, ""tests_total"": 0, ""execution_score"": 0.1}"
a1df43b2-6e0,jro,software_dev,llama-3.3-70b-versatile,sw_003,67,0.62,0.8,0.9,0.9,0.8,188584,59.065,3,0.8586,,,"The output is well-structured, covers most requirements, and has good error handling, but some minor issues and incomplete ErrorReporter class prevent it from being perfect.","{""syntax_valid"": true, ""code_runs"": true, ""tests_passed"": 0, ""tests_failed"": 0, ""tests_total"": 1, ""execution_score"": 0.5}"
e6772f51-93d,jro,software_dev,llama-3.3-70b-versatile,sw_004,68,0.86,0.8,0.9,0.9,0.8,170483,60.582,3,0.7618,,,"The code is well-structured, covers all requirements, and has good integration. However, minor issues with task status tracking and worker thread shutdown might exist, preventing a perfect score.","{""syntax_valid"": true, ""code_runs"": true, ""tests_passed"": 12, ""tests_failed"": 3, ""tests_total"": 15, ""execution_score"": 0.9}"
c1a52e79-28f,jro,software_dev,llama-3.3-70b-versatile,sw_004,69,0.62,0.8,0.9,0.9,0.8,187289,59.942,3,0.6005,,,"The code is well-structured, covers all requirements, and has good integration, but minor issues with task status updates and potential thread safety concerns prevent a perfect score.","{""syntax_valid"": true, ""code_runs"": true, ""tests_passed"": 0, ""tests_failed"": 0, ""tests_total"": 1, ""execution_score"": 0.5}"
